"","name","address","phone","website","type","degrees","campus_setting","campus_housing","student_population","student_teacher_ratio","tot_enrol","undergrad_enrol","latitude","longitude"
"1","American National University","1813 East Main Street Salem Virginia 24153","(540) 986-1800","www.an.edu/locations/","4-year, primarily associate's, Private for-profit","Less than one year certificateOne but less than two years certificateAssociate's degreeBachelor's degreeMaster's degree","Suburb: Midsize","No","931 (810 undergraduate)","39 to 1",931,"810",37.2997396,-80.0234938
"2","Antioch College AG","1705 Todds Ln Hampton Virginia 23666","(757) 826-1883 x236","antiochcollegeag.edu/","4-year, Private not-for-profit","One but less than two years certificateAssociate's degreeBachelor's degree","City: Midsize","No","35 (all undergraduate)","5 to 1",35,"all",37.0403518,-76.4093118
"3","Appalachian College of Pharmacy","1060 Dragon Road Oakwood Virginia 24631","(276) 498-4190 x5230","www.acp.edu/","4-year, Private not-for-profit","Doctor's degree - professional practice","Rural: Remote","No","180 (0 undergraduate)","",180,"0",37.22531,-81.9794579
"4","Appalachian School of Law","1169 Edgewater Drive Grundy Virginia 24614","(276) 935-4349 x1231","www.asl.edu/","4-year, Private not-for-profit","Master's degreeDoctor's degree - professional practice","Rural: Remote","No","170 (0 undergraduate)","",170,"0",37.2780504,-82.0964692
"5","Averett University","420 W Main St Danville Virginia 24541","(434) 791-5600","www.averett.edu/","4-year, Private not-for-profit","Associate's degreeBachelor's degree","Town: Distant","Yes","887 (all undergraduate)","12 to 1",887,"all",36.577241,-79.4130591
"6","Averett University-Non-Traditional Programs","420 W Main St Danville Virginia 24541","(800) 448-5233","gps.averett.edu/","4-year, Private not-for-profit","Associate's degreeBachelor's degreeMaster's degreePost-master's certificate","Town: Distant","No","472 (196 undergraduate)","9 to 1",472,"196",36.577241,-79.4130591
"7","Bluefield College","3000 College Avenue Bluefield Virginia 24605","(276) 326-3682","www.bluefield.edu/","4-year, Private not-for-profit","Associate's degreeBachelor's degreeMaster's degree","Town: Distant","Yes","965 (753 undergraduate)","14 to 1",965,"753",37.2445422,-81.2462472
"8","Bluefield College - Edward Via College of Osteopathic Medicine","2265 Kraft Drive Blacksburg Virginia 24060-6832","(276) 326-3682","www.bluefield.edu/","4-year, Private not-for-profit","Master's degree","City: Small","Bluefield College (Parent):Bluefield College - Edward Via College of Osteopathic Medicine","","",NA,NA,37.1996852,-80.4060554
"9","Bon Secours Memorial College of Nursing","8550 Magellan Parkway Suite 1100 Richmond Virginia 23227-1149","(804) 627-5300","www.bsmcon.edu/","4-year, Private not-for-profit","Bachelor's degree","Suburb: Large","No","456 (all undergraduate)","12 to 1",456,"all",37.6468246,-77.4329945
"10","Bridgewater College","402 E College St Bridgewater Virginia 22812-1599","(540) 828-8000","www.bridgewater.edu/","4-year, Private not-for-profit","Bachelor's degreeMaster's degree","Suburb: Small","Yes","1,597 (1,552 undergraduate)","13 to 1",597,"1",38.3782559,-78.9693896
"11","Bryant & Stratton College-Hampton","4410 East Claiborne Square Suite 233 Hampton Virginia 23666","(757) 896-6001","www.bryantstratton.edu/","4-year, Private for-profit","One but less than two years certificateAssociate's degreeBachelor's degree","City: Midsize","No","Bryant & Stratton College-Virginia Beach (Parent):Bryant & Stratton College-HamptonBryant & Stratton College-Richmond","",NA,NA,37.0438244,-76.3929135
"12","Bryant & Stratton College-Richmond","8141 Hull St Rd North Chesterfield Virginia 23235","(804) 745-2444","www.bryantstratton.edu/","4-year, Private for-profit","One but less than two years certificateAssociate's degreeBachelor's degree","Suburb: Large","No","Bryant & Stratton College-Virginia Beach (Parent):Bryant & Stratton College-HamptonBryant & Stratton College-Richmond","",NA,NA,37.4601762,-77.5423269
"13","Bryant & Stratton College-Virginia Beach","301 Centre Pointe Dr Virginia Beach Virginia 23462","(757) 499-7900","www.bryantstratton.edu/","4-year, primarily associate's, Private for-profit","One but less than two years certificateAssociate's degreeBachelor's degree","City: Large","No","1,515 (all undergraduate)","18 to 1",515,"all",36.8278959,-76.1381446
"14","Centra College","905 Lakeside Dr. Suite A Lynchburg Virginia 24501","(434) 200-3070","www.centrahealth.com/ccon","4-year, primarily associate's, Private not-for-profit","One but less than two years certificateAssociate's degreeBachelor's degree","City: Small","No","314 (all undergraduate)","11 to 1",314,"all",37.404822,-79.1740764
"15","Centura College-Chesapeake","932 B Ventures Way Chesapeake Virginia 23320","(757) 549-2121","www.centuracollege.edu/campuses/chesapeake/","4-year, primarily associate's, Private for-profit","Less than one year certificateOne but less than two years certificateAssociate's degreeBachelor's degree","Suburb: Large","No","164 (all undergraduate)","14 to 1",164,"all",36.7660867,-76.2277695
"16","Centura College-Virginia Beach","2697 Dean Dr. Ste. 100 Virginia Beach Virginia 23452-7431","(757) 340-2121 x310","www.centuracollege.edu/campuses/virginia-beach/","4-year, primarily associate's, Private for-profit","Less than one year certificateOne but less than two years certificateAssociate's degreeBachelor's degree","City: Large","No","99 (all undergraduate)","8 to 1",99,"all",36.8375601,-76.064528
"17","Chamberlain University-Virginia","1951 Kidwell Drive Vienna Virginia 22182","(703) 416-7300","www.chamberlain.edu/","4-year, Private for-profit","Bachelor's degree","Suburb: Large","No","622 (all undergraduate)","13 to 1",622,"all",38.9104236,-77.2204864
"18","Christopher Newport University","1 Avenue of the Arts Newport News Virginia 23606-3072","(757) 594-7000","cnu.edu/","4-year, Public","Bachelor's degreeMaster's degree","City: Midsize","Yes","4,868 (4,758 undergraduate)","14 to 1",868,"4",37.0608093,-76.4899457
"19","DeVry University-Virginia","1400 Crystal Dr Ste 120 Arlington Virginia 22202","(703) 414-4000","www.devry.edu/","4-year, Private for-profit","Associate's degreeBachelor's degreePostbaccalaureate certificateMaster's degree","City: Midsize","No","188 (118 undergraduate)","9 to 1",188,"118",38.8610296,-77.0498801
"20","Divine Mercy University","45154 Underwood Lane Sterling Virginia 20166","(703) 416-1441","www.divinemercy.edu/","4-year, Private not-for-profit","Master's degreeDoctor's degree - professional practice","Suburb: Large","No","392 (0 undergraduate)","",392,"0",38.9796994,-77.4374616
"21","Eastern Mennonite University","1200 Park Rd Harrisonburg Virginia 22802-2462","(540) 432-4000","emu.edu/","4-year, Private not-for-profit","One but less than two years certificateAssociate's degreeBachelor's degreePostbaccalaureate certificateMaster's degreeDoctor's degree - professional practice","City: Small","Yes","1,394 (896 undergraduate)","10 to 1",394,"896",38.4748022,-78.8767117
"22","Eastern Virginia Medical School","700w. Olney Norfolk Virginia 23507","(757) 446-8422","www.evms.edu/","4-year, Public","Postbaccalaureate certificateMaster's degreeDoctor's degree - research/scholarshipDoctor's degree - professional practice","City: Midsize","Yes","1,289 (0 undergraduate)","",289,"0",36.8613303,-76.3007998
"23","ECPI University","5555 Greenwich Rd Virginia Beach Virginia 23462","(757) 490-9090","www.ecpi.edu/","4-year, primarily associate's, Private for-profit","Less than one year certificateOne but less than two years certificateAssociate's degreeBachelor's degreeMaster's degree","City: Large","No","14,353 (13,983 undergraduate)","16 to 1",353,"13",36.8425384,-76.178872
"24","ECPI University - Culinary Institute of Virginia - Newport News","11850 Merchants Walk Newport News Virginia 23606-3320","(844) 611-0530","www.ecpi.edu/","4-year, Private for-profit","One but less than two years certificateAssociate's degreeBachelor's degree","City: Midsize","No","ECPI University (Parent):ECPI University - College of Nursing - OrlandoECPI University - Culinary Institute of Virginia - Newport NewsECPI University - RoanokeECPI University - San AntonioECPI University-CharlestonECPI University-CharlotteECPI University-ColumbiaECPI University-ConcordECPI University-Culinary Institute of VirginiaECPI University-GreensboroECPI University-GreenvilleECPI University-InnsbrookECPI University-ManassasECPI University-Newport NewsECPI University-RaleighECPI University-Richmond SouthECPI University-Richmond WestECPI University-Virginia Beach Health Sciences","",NA,NA,37.086799,-76.4749656
"25","ECPI University - Roanoke","5234 Airport Rd NW Roanoke Virginia 24012-1603","(540) 563-8000","www.ecpi.edu/","4-year, Private for-profit","One but less than two years certificateAssociate's degreeBachelor's degree","City: Small","No","ECPI University (Parent):ECPI University - College of Nursing - OrlandoECPI University - Culinary Institute of Virginia - Newport NewsECPI University - RoanokeECPI University - San AntonioECPI University-CharlestonECPI University-CharlotteECPI University-ColumbiaECPI University-ConcordECPI University-Culinary Institute of VirginiaECPI University-GreensboroECPI University-GreenvilleECPI University-InnsbrookECPI University-ManassasECPI University-Newport NewsECPI University-RaleighECPI University-Richmond SouthECPI University-Richmond WestECPI University-Virginia Beach Health Sciences","",NA,NA,37.3198883,-79.9594012
"26","ECPI University-Culinary Institute of Virginia","2428 Alameda Ave Ste 106 Norfolk Virginia 23513-1603","(757) 858-2433","www.ecpi.edu/college-of-culinary-arts","4-year, Private for-profit","One but less than two years certificateAssociate's degreeBachelor's degree","City: Midsize","No","ECPI University (Parent):ECPI University - College of Nursing - OrlandoECPI University - Culinary Institute of Virginia - Newport NewsECPI University - RoanokeECPI University - San AntonioECPI University-CharlestonECPI University-CharlotteECPI University-ColumbiaECPI University-ConcordECPI University-Culinary Institute of VirginiaECPI University-GreensboroECPI University-GreenvilleECPI University-InnsbrookECPI University-ManassasECPI University-Newport NewsECPI University-RaleighECPI University-Richmond SouthECPI University-Richmond WestECPI University-Virginia Beach Health Sciences","",NA,NA,36.879167,-76.213917
"27","ECPI University-Innsbrook","4305 Cox Rd Ste 100 Glen Allen Virginia 23060-1603","(804) 934-0100","www.ecpi.edu/","4-year, Private for-profit","Associate's degreeBachelor's degreeMaster's degree","Suburb: Large","No","ECPI University (Parent):ECPI University - College of Nursing - OrlandoECPI University - Culinary Institute of Virginia - Newport NewsECPI University - RoanokeECPI University - San AntonioECPI University-CharlestonECPI University-CharlotteECPI University-ColumbiaECPI University-ConcordECPI University-Culinary Institute of VirginiaECPI University-GreensboroECPI University-GreenvilleECPI University-InnsbrookECPI University-ManassasECPI University-Newport NewsECPI University-RaleighECPI University-Richmond SouthECPI University-Richmond WestECPI University-Virginia Beach Health Sciences","",NA,NA,37.6544715,-77.5776046
"28","ECPI University-Manassas","10021 Balls Ford Rd Ste 100 Manassas Virginia 20109-1603","(703) 330-5300","www.ecpi.edu/","4-year, Private for-profit","One but less than two years certificateAssociate's degreeBachelor's degreeMaster's degree","Suburb: Large","No","ECPI University (Parent):ECPI University - College of Nursing - OrlandoECPI University - Culinary Institute of Virginia - Newport NewsECPI University - RoanokeECPI University - San AntonioECPI University-CharlestonECPI University-CharlotteECPI University-ColumbiaECPI University-ConcordECPI University-Culinary Institute of VirginiaECPI University-GreensboroECPI University-GreenvilleECPI University-InnsbrookECPI University-ManassasECPI University-Newport NewsECPI University-RaleighECPI University-Richmond SouthECPI University-Richmond WestECPI University-Virginia Beach Health Sciences","",NA,NA,38.8067477,-77.4956357
"29","ECPI University-Newport News","1001 Omni Blvd Ste 100 Newport News Virginia 23606","(757) 849-0548","www.ecpi.edu/","4-year, Private for-profit","Less than one year certificateOne but less than two years certificateAssociate's degreeBachelor's degreeMaster's degree","City: Midsize","No","ECPI University (Parent):ECPI University - College of Nursing - OrlandoECPI University - Culinary Institute of Virginia - Newport NewsECPI University - RoanokeECPI University - San AntonioECPI University-CharlestonECPI University-CharlotteECPI University-ColumbiaECPI University-ConcordECPI University-Culinary Institute of VirginiaECPI University-GreensboroECPI University-GreenvilleECPI University-InnsbrookECPI University-ManassasECPI University-Newport NewsECPI University-RaleighECPI University-Richmond SouthECPI University-Richmond WestECPI University-Virginia Beach Health Sciences","",NA,NA,37.0907845,-76.4620452
"30","ECPI University-Richmond South","800 Moorefield Park Dr Ste 100 Richmond Virginia 23236-1603","(804) 330-5533","www.ecpi.edu/","4-year, Private for-profit","Less than one year certificateOne but less than two years certificateAssociate's degreeBachelor's degreeMaster's degree","Suburb: Large","No","ECPI University (Parent):ECPI University - College of Nursing - OrlandoECPI University - Culinary Institute of Virginia - Newport NewsECPI University - RoanokeECPI University - San AntonioECPI University-CharlestonECPI University-CharlotteECPI University-ColumbiaECPI University-ConcordECPI University-Culinary Institute of VirginiaECPI University-GreensboroECPI University-GreenvilleECPI University-InnsbrookECPI University-ManassasECPI University-Newport NewsECPI University-RaleighECPI University-Richmond SouthECPI University-Richmond WestECPI University-Virginia Beach Health Sciences","",NA,NA,37.5007592,-77.5813783
"31","ECPI University-Richmond West","2809 Emerywood Pkwy Ste 300 Richmond Virginia 23294-1603","(804) 521-5999","www.ecpi.edu/","4-year, Private for-profit","One but less than two years certificateAssociate's degreeBachelor's degree","Suburb: Large","No","ECPI University (Parent):ECPI University - College of Nursing - OrlandoECPI University - Culinary Institute of Virginia - Newport NewsECPI University - RoanokeECPI University - San AntonioECPI University-CharlestonECPI University-CharlotteECPI University-ColumbiaECPI University-ConcordECPI University-Culinary Institute of VirginiaECPI University-GreensboroECPI University-GreenvilleECPI University-InnsbrookECPI University-ManassasECPI University-Newport NewsECPI University-RaleighECPI University-Richmond SouthECPI University-Richmond WestECPI University-Virginia Beach Health Sciences","",NA,NA,37.6088524,-77.526639
"32","ECPI University-Virginia Beach Health Sciences","5501 Greenwich Rd Ste 100 Virginia Beach Virginia 23462-1603","(757) 497-8400","www.ecpi.edu/","4-year, Private for-profit","Less than one year certificateOne but less than two years certificateAssociate's degreeBachelor's degree","City: Large","No","ECPI University (Parent):ECPI University - College of Nursing - OrlandoECPI University - Culinary Institute of Virginia - Newport NewsECPI University - RoanokeECPI University - San AntonioECPI University-CharlestonECPI University-CharlotteECPI University-ColumbiaECPI University-ConcordECPI University-Culinary Institute of VirginiaECPI University-GreensboroECPI University-GreenvilleECPI University-InnsbrookECPI University-ManassasECPI University-Newport NewsECPI University-RaleighECPI University-Richmond SouthECPI University-Richmond WestECPI University-Virginia Beach Health Sciences","",NA,NA,36.841856,-76.176515
"33","Edward Via College of Osteopathic Medicine","2265 Kraft Dr Blacksburg Virginia 24060","(540) 231-4000","www.vcom.edu/","4-year, Private not-for-profit","Doctor's degree - professional practice","City: Small","No","2,123 (0 undergraduate)","",123,"0",37.1996852,-80.4060554
"34","Emory & Henry College","30461 Garnand Drive Emory Virginia 24327-0947","(276) 944-4121","www.ehc.edu/","4-year, Private not-for-profit","Bachelor's degreeMaster's degreeDoctor's degree - professional practice","Rural: Fringe","Yes","1,230 (956 undergraduate)","10 to 1",230,"956",36.7732137,-81.8308469
"35","Fairfax University of America","4401 Village Drive Fairfax Virginia 22030-0000","(703) 591-7042","www.fxua.edu/","4-year, Private not-for-profit","One but less than two years certificateBachelor's degreePostbaccalaureate certificateMaster's degree","Suburb: Large","No","65 (17 undergraduate)","4 to 1",65,"17",38.8491012,-77.3477866
"36","Ferrum College","215 Ferrum Mountain Road Ferrum Virginia 24088-9000","(540) 365-2121","www.ferrum.edu/","4-year, Private not-for-profit","Bachelor's degreeMaster's degree","Rural: Distant","Yes","972 (962 undergraduate)","13 to 1",972,"962",36.9264771,-80.0206987
"37","George Mason University","4400 University Dr Fairfax Virginia 22030-4444","(703) 993-1000","www2.gmu.edu/","4-year, Public","Bachelor's degreePostbaccalaureate certificateMaster's degreeDoctor's degree - research/scholarshipDoctor's degree - professional practice","Suburb: Large","Yes","38,541 (27,104 undergraduate)","17 to 1",541,"27",38.8349761,-77.307995
"38","Hampden-Sydney College","College Road Hampden-Sydney Virginia 23943-0128","(434) 223-6000","www.hsc.edu/","4-year, Private not-for-profit","Bachelor's degree","Rural: Distant","Yes","881 (all undergraduate)","9 to 1",881,"all",37.2390019,-78.4592625
"39","Hampton University","200 William R. Harvey Way Hampton Virginia 23668-0099","(757) 727-5000","www.hamptonu.edu/","4-year, Private not-for-profit","Less than one year certificateOne but less than two years certificateAssociate's degreeTwo but less than 4 years certificateBachelor's degreeMaster's degreePost-master's certificateDoctor's degree - research/scholarshipDoctor's degree - professional practice","City: Midsize","Yes","3,516 (3,063 undergraduate)","15 to 1",516,"3",37.0204446,-76.336578
"40","Hollins University","7916 Williamson Rd NW Roanoke Virginia 24020","(540) 362-6000","www.hollins.edu/","4-year, Private not-for-profit","Bachelor's degreeMaster's degreePost-master's certificate","Suburb: Midsize","Yes","795 (687 undergraduate)","9 to 1",795,"687",37.3566761,-79.9428447
"41","IGlobal University","8133 Leesburg Pike #230 Vienna Virginia 22182-2734","(703) 941-2020","www.igu.edu/","4-year, Private for-profit","Less than one year certificateBachelor's degreeMaster's degree","Suburb: Large","No","254 (46 undergraduate)","8 to 1",254,"46",38.915249,-77.2273043
"42","James Madison University","800 South Main Street Harrisonburg Virginia 22807","(540) 568-6211","www.jmu.edu/","4-year, Public","Bachelor's degreePostbaccalaureate certificateMaster's degreePost-master's certificateDoctor's degree - research/scholarshipDoctor's degree - professional practice","City: Small","Yes","21,594 (19,727 undergraduate)","17 to 1",594,"19",38.4400229,-78.8716115
"43","Liberty University","1971 University Blvd Lynchburg Virginia 24515","(434) 582-2000","www.liberty.edu/","4-year, Private not-for-profit","Less than one year certificateAssociate's degreeTwo but less than 4 years certificateBachelor's degreePostbaccalaureate certificateMaster's degreePost-master's certificateDoctor's degree - research/scholarshipDoctor's degree - professional practice","City: Small","Yes","93,349 (47,988 undergraduate)","17 to 1",349,"47",37.3530503,-79.1770145
"44","Longwood University","201 High St Farmville Virginia 23909","(434) 395-2000","www.longwood.edu/","4-year, Public","Bachelor's degreeMaster's degreePost-master's certificate","Town: Remote","Yes","4,841 (3,940 undergraduate)","15 to 1",841,"3",37.3011542,-78.3944433
"45","Lotus School of Integrated Professions","10960 Three Chopt Road Suite A-D Henrico Virginia 23233","(804) 290-0980","lotusva.com/","4-year, Private for-profit","Less than one year certificateMaster's degree","Suburb: Large","No","76 (all undergraduate)","6 to 1",76,"all",37.6388387,-77.5858052
"46","Mary Baldwin University","318 Prospect Street Staunton Virginia 24401","(540) 887-7019","www.marybaldwin.edu/","4-year, Private not-for-profit","Bachelor's degreePostbaccalaureate certificateMaster's degreeDoctor's degree - professional practice","City: Small","Yes","2,110 (1,477 undergraduate)","11 to 1",110,"1",38.1538783,-79.0692549
"47","Marymount University","2807 N Glebe Rd Arlington Virginia 22207-4299","(703) 522-5600","www.marymount.edu/","4-year, Private not-for-profit","Less than one year certificateBachelor's degreePostbaccalaureate certificateMaster's degreePost-master's certificateDoctor's degree - research/scholarshipDoctor's degree - professional practice","City: Midsize","Yes","3,294 (2,041 undergraduate)","14 to 1",294,"2",38.9056645,-77.1272135
"48","Norfolk State University","700 Park Avenue Norfolk Virginia 23504-8000","(757) 823-8600","www.nsu.edu/","4-year, Public","Associate's degreeBachelor's degreeMaster's degreeDoctor's degree - research/scholarship","City: Midsize","Yes","5,457 (4,992 undergraduate)","16 to 1",457,"4",36.8462828,-76.2599281
"49","Old Dominion University","5115 Hampton Blvd Norfolk Virginia 23529","(757) 683-3000","www.odu.edu/","4-year, Public","Less than one year certificateOne but less than two years certificateBachelor's degreePostbaccalaureate certificateMaster's degreePost-master's certificateDoctor's degree - research/scholarshipDoctor's degree - professional practice","City: Midsize","Yes","24,286 (19,622 undergraduate)","18 to 1",286,"19",36.8839664,-76.3039779
"50","Patrick Henry College","10 Patrick Henry Circle Purcellville Virginia 20132","(540) 338-1776","www.phc.edu/","4-year, Private not-for-profit","Bachelor's degree","Town: Fringe","Yes","340 (all undergraduate)","12 to 1",340,"all",39.1386237,-77.6910112
"51","Radford University","801 East Main St. Radford Virginia 24142","(540) 831-5000","www.radford.edu/","4-year, Public","Less than one year certificateOne but less than two years certificateAssociate's degreeBachelor's degreePostbaccalaureate certificateMaster's degreePost-master's certificateDoctor's degree - research/scholarshipDoctor's degree - professional practiceDoctor's degree - other","Suburb: Small","Yes","10,695 (7,307 undergraduate)","14 to 1",695,"7",37.1398766,-80.5510635
"52","Randolph College","2500 Rivermont Ave Lynchburg Virginia 24503-1555","(434) 947-8000","www.randolphcollege.edu/","4-year, Private not-for-profit","Bachelor's degreePostbaccalaureate certificateMaster's degree","City: Small","Yes","566 (508 undergraduate)","8 to 1",566,"508",37.4382161,-79.1711433
"53","Randolph-Macon College","204 Henry St Ashland Virginia 23005-5505","(804) 752-7200","www.rmc.edu/","4-year, Private not-for-profit","Bachelor's degree","Suburb: Large","Yes","1,554 (all undergraduate)","11 to 1",554,"all",37.7608335,-77.4781292
"54","Regent University","1000 Regent University Dr Virginia Beach Virginia 23464","(757) 352-4127","www.regent.edu/","4-year, Private not-for-profit","Associate's degreeBachelor's degreePostbaccalaureate certificateMaster's degreePost-master's certificateDoctor's degree - research/scholarshipDoctor's degree - professional practice","City: Large","Yes","10,483 (4,533 undergraduate)","19 to 1",483,"4",36.8009596,-76.1937881
"55","Riverside College of Health Careers","316 Main Street Newport News Virginia 23601","(757) 240-2200","riverside.edu/","4-year, primarily associate's, Private not-for-profit","One but less than two years certificateAssociate's degreeBachelor's degree","City: Midsize","No","303 (all undergraduate)","11 to 1",303,"all",37.0349489,-76.4562635
"56","Roanoke College","221 College Lane Salem Virginia 24153-3794","(540) 375-2500","www.roanoke.edu/","4-year, Private not-for-profit","Bachelor's degree","Suburb: Midsize","Yes","1,920 (all undergraduate)","11 to 1",920,"all",37.2956975,-80.0558935
"57","Sentara College of Health Sciences","1441 Crossways Blvd Suite 105 Chesapeake Virginia 23320","(757) 388-2900","www.sentara.edu/","4-year, Private not-for-profit","Less than one year certificateAssociate's degreeBachelor's degreeMaster's degree","Suburb: Large","No","341 (275 undergraduate)","9 to 1",341,"275",36.7769628,-76.2432961
"58","Shenandoah University","1460 University Dr Winchester Virginia 22601-5195","(540) 665-4500","www.su.edu/","4-year, Private not-for-profit","Less than one year certificateOne but less than two years certificateBachelor's degreePostbaccalaureate certificateMaster's degreePost-master's certificateDoctor's degree - research/scholarshipDoctor's degree - professional practice","City: Small","Yes","4,174 (2,267 undergraduate)","10 to 1",174,"2",39.1660132,-78.1583626
"59","South University-Richmond","2151 Old Brick Rd Glen Allen Virginia 23060","(804) 727-6800","www.southuniversity.edu/richmond#location=richmond, va","4-year, Private for-profit","Associate's degreeBachelor's degreeMaster's degreePost-master's certificate","Suburb: Large","No","412 (289 undergraduate)","9 to 1",412,"289",37.6470572,-77.5998433
"60","South University-Virginia Beach","301 Bendix Rd Ste 100 Virginia Beach Virginia 23452","(757) 493-6900","www.southuniversity.edu/virginia-beach#location=virginia beach, va","4-year, Private for-profit","Associate's degreeBachelor's degreeMaster's degreePost-master's certificate","City: Large","No","403 (325 undergraduate)","10 to 1",403,"325",36.8336023,-76.124284
"61","Southern Virginia University","1 University Hill Drive Buena Vista Virginia 24416","(540) 261-8400","www.svu.edu/","4-year, Private not-for-profit","Bachelor's degree","Town: Distant","Yes","1,140 (all undergraduate)","17 to 1",140,"all",37.7403616,-79.3501199
"62","Stratford University","2900 Eisenhower Avenue Alexandria Virginia 22314","(703) 539-6890","www.stratford.edu/","4-year, Private for-profit","One but less than two years certificateAssociate's degreeBachelor's degreeMaster's degree","City: Midsize","No","1,947 (1,682 undergraduate)","9 to 1",947,"1",38.8017825,-77.0830371
"63","Strayer University-Alexandria Campus","2730 Eisenhower Ave Alexandria Virginia 22314","(877) 445-7180","www.strayer.edu/campus-locations/virginia/alexandria","4-year, Private for-profit","One but less than two years certificateAssociate's degreeBachelor's degreePostbaccalaureate certificateMaster's degree","City: Midsize","No","Strayer University-Virginia (Parent):Strayer University-Alexandria CampusStrayer University-Chesapeake CampusStrayer University-Chesterfield CampusStrayer University-Fredericksburg CampusStrayer University-Henrico CampusStrayer University-Loudoun CampusStrayer University-Manassas CampusStrayer University-Newport News CampusStrayer University-Virginia Beach CampusStrayer University-Woodbridge Campus","",NA,NA,38.8016278,-77.080145
"64","Strayer University-Chesapeake Campus","676 Independence Parkway Suite 300 Chesapeake Virginia 23320","(877) 445-7180","www.strayer.edu/campus-locations/virginia/chesapeake","4-year, Private for-profit","One but less than two years certificateAssociate's degreeBachelor's degreePostbaccalaureate certificateMaster's degree","Suburb: Large","No","Strayer University-Virginia (Parent):Strayer University-Alexandria CampusStrayer University-Chesapeake CampusStrayer University-Chesterfield CampusStrayer University-Fredericksburg CampusStrayer University-Henrico CampusStrayer University-Loudoun CampusStrayer University-Manassas CampusStrayer University-Newport News CampusStrayer University-Virginia Beach CampusStrayer University-Woodbridge Campus","",NA,NA,36.7665174,-76.2585905
"65","Strayer University-Chesterfield Campus","15521 Midlothian Turnpike Suite 401 Midlothian Virginia 23113","(877) 445-7180","www.strayer.edu/campus-locations/virginia/chesterfield","4-year, Private for-profit","One but less than two years certificateAssociate's degreeBachelor's degreePostbaccalaureate certificateMaster's degree","Rural: Fringe","No","Strayer University-Virginia (Parent):Strayer University-Alexandria CampusStrayer University-Chesapeake CampusStrayer University-Chesterfield CampusStrayer University-Fredericksburg CampusStrayer University-Henrico CampusStrayer University-Loudoun CampusStrayer University-Manassas CampusStrayer University-Newport News CampusStrayer University-Virginia Beach CampusStrayer University-Woodbridge Campus","",NA,NA,37.5113405,-77.6982568
"66","Strayer University-Fredericksburg Campus","150 Riverside Parkway Suite 100 Fredericksburg Virginia 22406","(877) 445-7180","www.strayer.edu/campus-locations/virginia/fredericksburg","4-year, Private for-profit","One but less than two years certificateAssociate's degreeBachelor's degreePostbaccalaureate certificateMaster's degree","Rural: Fringe","No","Strayer University-Virginia (Parent):Strayer University-Alexandria CampusStrayer University-Chesapeake CampusStrayer University-Chesterfield CampusStrayer University-Fredericksburg CampusStrayer University-Henrico CampusStrayer University-Loudoun CampusStrayer University-Manassas CampusStrayer University-Newport News CampusStrayer University-Virginia Beach CampusStrayer University-Woodbridge Campus","",NA,NA,38.3363918,-77.4979844
"67","Strayer University-Henrico Campus","11501 Nuckols Road Glen Allen Virginia 23059","(877) 445-7180","www.strayer.edu/campus-locations/virginia/henrico","4-year, Private for-profit","One but less than two years certificateAssociate's degreeBachelor's degreePostbaccalaureate certificateMaster's degree","Suburb: Large","No","Strayer University-Virginia (Parent):Strayer University-Alexandria CampusStrayer University-Chesapeake CampusStrayer University-Chesterfield CampusStrayer University-Fredericksburg CampusStrayer University-Henrico CampusStrayer University-Loudoun CampusStrayer University-Manassas CampusStrayer University-Newport News CampusStrayer University-Virginia Beach CampusStrayer University-Woodbridge Campus","",NA,NA,37.6859889,-77.5922981
"68","Strayer University-Loudoun Campus","45150 Russell Branch Pky Ste 200 Ashburn Virginia 20147","(877) 445-7180","www.strayer.edu/campus-locations/virginia/loudoun","4-year, Private for-profit","One but less than two years certificateAssociate's degreeBachelor's degreePostbaccalaureate certificateMaster's degree","Suburb: Large","No","Strayer University-Virginia (Parent):Strayer University-Alexandria CampusStrayer University-Chesapeake CampusStrayer University-Chesterfield CampusStrayer University-Fredericksburg CampusStrayer University-Henrico CampusStrayer University-Loudoun CampusStrayer University-Manassas CampusStrayer University-Newport News CampusStrayer University-Virginia Beach CampusStrayer University-Woodbridge Campus","",NA,NA,39.0482386,-77.4373045
"69","Strayer University-Manassas Campus","9990 Battleview Pky Manassas Virginia 20109","(877) 445-7180","www.strayer.edu/campus-locations/virginia/manassas","4-year, Private for-profit","One but less than two years certificateAssociate's degreeBachelor's degreePostbaccalaureate certificateMaster's degree","Suburb: Large","No","Strayer University-Virginia (Parent):Strayer University-Alexandria CampusStrayer University-Chesapeake CampusStrayer University-Chesterfield CampusStrayer University-Fredericksburg CampusStrayer University-Henrico CampusStrayer University-Loudoun CampusStrayer University-Manassas CampusStrayer University-Newport News CampusStrayer University-Virginia Beach CampusStrayer University-Woodbridge Campus","",NA,NA,38.8050683,-77.5091798
"70","Strayer University-Newport News Campus","99 Old Oyster Point Road Unit 1 Newport News Virginia 23602","(877) 445-7180","www.strayer.edu/campus-locations/virginia/newport-news","4-year, Private for-profit","One but less than two years certificateAssociate's degreeBachelor's degreePostbaccalaureate certificateMaster's degree","City: Midsize","No","Strayer University-Virginia (Parent):Strayer University-Alexandria CampusStrayer University-Chesapeake CampusStrayer University-Chesterfield CampusStrayer University-Fredericksburg CampusStrayer University-Henrico CampusStrayer University-Loudoun CampusStrayer University-Manassas CampusStrayer University-Newport News CampusStrayer University-Virginia Beach CampusStrayer University-Woodbridge Campus","",NA,NA,37.1058418,-76.4739313
"71","Strayer University-Virginia","2121 15th Street N Arlington Virginia 22201","(877) 445-7180","www.strayer.edu/campus-locations/virginia/arlington","4-year, Private for-profit","One but less than two years certificateAssociate's degreeBachelor's degreePostbaccalaureate certificateMaster's degree","City: Midsize","No","4,797 (3,819 undergraduate)","28 to 1View noteThough reported by campus, faculty members from online courses are drawn from the entire United States.  One hundred percent (100%) of Strayer students as of fall 2020 took all courses online.  As a whole, Strayer University's student to faculty ratio is 28:1.",797,"3",38.8910064,-77.0850922
"72","Strayer University-Virginia Beach Campus","249 Central Park Avenue Ste 350 Virginia Beach Virginia 23462","(877) 445-7180","www.strayer.edu/campus-locations/virginia/virginia-beach","4-year, Private for-profit","One but less than two years certificateAssociate's degreeBachelor's degreePostbaccalaureate certificateMaster's degree","City: Large","No","Strayer University-Virginia (Parent):Strayer University-Alexandria CampusStrayer University-Chesapeake CampusStrayer University-Chesterfield CampusStrayer University-Fredericksburg CampusStrayer University-Henrico CampusStrayer University-Loudoun CampusStrayer University-Manassas CampusStrayer University-Newport News CampusStrayer University-Virginia Beach CampusStrayer University-Woodbridge Campus","",NA,NA,36.8429901,-76.1341894
"73","Strayer University-Woodbridge Campus","13385 Minnieville Rd Woodbridge Virginia 22192","(877) 445-7180","www.strayer.edu/campus-locations/virginia/woodbridge","4-year, Private for-profit","One but less than two years certificateAssociate's degreeBachelor's degreePostbaccalaureate certificateMaster's degree","Suburb: Large","No","Strayer University-Virginia (Parent):Strayer University-Alexandria CampusStrayer University-Chesapeake CampusStrayer University-Chesterfield CampusStrayer University-Fredericksburg CampusStrayer University-Henrico CampusStrayer University-Loudoun CampusStrayer University-Manassas CampusStrayer University-Newport News CampusStrayer University-Virginia Beach CampusStrayer University-Woodbridge Campus","",NA,NA,38.6577312,-77.301479
"74","Sweet Briar College","134 Chapel Drive Sweet Briar Virginia 24595-9998","(434) 381-6100","www.sbc.edu/","4-year, Private not-for-profit","Bachelor's degreeMaster's degree","Suburb: Midsize","Yes","362 (356 undergraduate)","8 to 1",362,"356",37.5567346,-79.081011
"75","The Art Institute of Virginia Beach","Two Columbus Center 4500 Main St Ste 100 Virginia Beach Virginia 23462","(757) 493-6700","www.artinstitutes.edu/virginia-beach/","4-year, Private for-profit","One but less than two years certificateAssociate's degreeBachelor's degree","City: Large","No","223 (all undergraduate)","20 to 1",223,"all",36.8424089,-76.1322277
"76","The University of Virginia's College at Wise","1 College Avenue Wise Virginia 24293-4400","(276) 328-0100","www.uvawise.edu/","4-year, Public","Bachelor's degree","Town: Distant","Yes","1,905 (all undergraduate)","11 to 1",905,"all",36.9707461,-82.5604501
"77","Union Presbyterian Seminary","3401 Brook Rd Richmond Virginia 23227","(804) 355-0671","www.upsem.edu/","4-year, Private not-for-profit","Master's degreeDoctor's degree - research/scholarshipDoctor's degree - professional practice","City: Midsize","Yes","169 (0 undergraduate)","This is the parent institution of:Union Presbyterian Seminary-Charlotte",169,"0",37.578937,-77.4492786
"78","University of Lynchburg","1501 Lakeside Dr Lynchburg Virginia 24501-3113","(434) 544-8100","www.lynchburg.edu/","4-year, Private not-for-profit","Less than one year certificateBachelor's degreePostbaccalaureate certificateMaster's degreePost-master's certificateDoctor's degree - research/scholarshipDoctor's degree - professional practice","City: Small","Yes","2,692 (1,822 undergraduate)","10 to 1",692,"1",37.4006002,-79.183153
"79","University of Management and Technology","1901 Fort Myer Drive Suite 700 Arlington Virginia 22209-1609","(703) 516-0035","www.umtweb.edu/","4-year, Private for-profit","Less than one year certificateAssociate's degreeBachelor's degreePostbaccalaureate certificateMaster's degreeDoctor's degree - research/scholarship","City: Midsize","No","295 (193 undergraduate)","9 to 1",295,"193",38.897442,-77.072047
"80","University of Mary Washington","1301 College Ave Fredericksburg Virginia 22401-5300","(540) 654-1000","www.umw.edu/","4-year, Public","Less than one year certificateBachelor's degreePostbaccalaureate certificateMaster's degree","Suburb: Midsize","Yes","4,293 (3,993 undergraduate)","13 to 1",293,"3",38.301553,-77.4729503
"81","University of Richmond","410 Westhampton Way University of Richmond Virginia 23173","(804) 289-8000","www.richmond.edu/","4-year, Private not-for-profit","One but less than two years certificateAssociate's degreeBachelor's degreePostbaccalaureate certificateMaster's degreePost-master's certificateDoctor's degree - professional practice","City: Midsize","Yes","4,056 (3,323 undergraduate)","8 to 1",56,"3",37.5768593,-77.5404459
"82","University of the Potomac-VA Campus","7799 LEESBURG PIKE FALLS CHURCH Virginia 22043-2536","(202) 521-1290","www.potomac.edu/","4-year, Private for-profit","One but less than two years certificateAssociate's degreeBachelor's degreeMaster's degree","Suburb: Large","No","197 (48 undergraduate)","11 to 1",197,"48",38.906889,-77.2159938
"83","University of Virginia-Main Campus","1827 University Avenue Charlottesville Virginia 22903-2628","(434) 924-0311","www.virginia.edu/","4-year, Public","Less than one year certificateOne but less than two years certificateBachelor's degreePostbaccalaureate certificateMaster's degreePost-master's certificateDoctor's degree - research/scholarshipDoctor's degree - professional practice","Suburb: Small","Yes","25,628 (17,310 undergraduate)","15 to 1",628,"17",38.0370443,-78.5026341
"84","Virginia Beach Theological Seminary","2221 Centerville Turnpike Virginia Beach Virginia 23464-6847","(757) 479-3706","www.vbts.edu/","4-year, Private not-for-profit","One but less than two years certificateMaster's degreeDoctor's degree - professional practice","City: Large","No","35 (0 undergraduate)","",35,"0",36.7664784,-76.189384
"85","Virginia Commonwealth University","910 W Franklin St Richmond Virginia 23284-2512","(804) 828-0100","www.vcu.edu/","4-year, Public","Two but less than 4 years certificateBachelor's degreePostbaccalaureate certificateMaster's degreePost-master's certificateDoctor's degree - research/scholarshipDoctor's degree - professional practice","City: Midsize","Yes","29,070 (21,943 undergraduate)","18 to 1",70,"21",37.5496312,-77.4526597
"86","Virginia Military Institute","VMI Parade Lexington Virginia 24450-0304","(540) 464-7207","www.vmi.edu/","4-year, Public","Bachelor's degree","Town: Distant","Yes","1,698 (all undergraduate)","11 to 1",698,"all",37.7913335,-79.4378109
"87","Virginia Polytechnic Institute and State University","210 Burruss Hall 800 Drillfield Dr. Blacksburg Virginia 24061-0131","(540) 231-6994","www.vt.edu/","4-year, Public","Associate's degreeBachelor's degreePostbaccalaureate certificateMaster's degreePost-master's certificateDoctor's degree - research/scholarshipDoctor's degree - professional practice","City: Small","Yes","37,024 (30,020 undergraduate)","14 to 1",24,"30",37.22872,-80.423338
"88","Virginia State University","1 Hayden Drive Petersburg Virginia 23806","(804) 524-5000","www.vsu.edu/","4-year, Public","Bachelor's degreePostbaccalaureate certificateMaster's degreeDoctor's degree - research/scholarship","Suburb: Large","Yes","4,020 (3,659 undergraduate)","12 to 1",20,"3",37.2364644,-77.4198758
"89","Virginia Union University","1500 N Lombardy St Richmond Virginia 23220","(804) 257-5600","www.vuu.edu/","4-year, Private not-for-profit","Bachelor's degreeMaster's degreeDoctor's degree","City: Midsize","Yes","1,516 (1,209 undergraduate)","21 to 1",516,"1",37.5599032,-77.4518215
"90","Virginia University of Integrative Medicine","9401 Mathy Drive Ste 100 Fairfax Virginia 22031-5310","(703) 323-5690","www.vuim.edu/","4-year, Private not-for-profit","Postbaccalaureate certificateMaster's degreeDoctor's degree - research/scholarshipDoctor's degree - professional practice","Suburb: Large","No","362 (0 undergraduate)","",362,"0",38.8445181,-77.2697534
"91","Virginia University of Lynchburg","2058 Garfield Ave Lynchburg Virginia 24501","(434) 528-5276 x1145","www.vul.edu/","4-year, primarily associate's, Private not-for-profit","One but less than two years certificateAssociate's degreeBachelor's degreeMaster's degreeDoctor's degree","City: Small","Yes","244 (122 undergraduate)","14 to 1",244,"122",37.3951947,-79.1515461
"92","Virginia Wesleyan University","5817 Wesleyan Drive Virginia Beach Virginia 23455","(757) 455-3200","www.vwu.edu/","4-year, Private not-for-profit","Bachelor's degreeMaster's degree","City: Large","Yes","1,347 (1,274 undergraduate)","12 to 1",347,"1",36.873669,-76.187809
"93","Washington and Lee University","204 West Washington Street Lexington Virginia 24450-2116","(540) 458-8400","www.wlu.edu/","4-year, Private not-for-profit","Bachelor's degreeDoctor's degree - professional practice","Town: Distant","Yes","2,183 (1,822 undergraduate)","8 to 1",183,"1",37.7862788,-79.4440548
"94","William & Mary","200 Richmond Road Williamsburg Virginia 23187-8795","(757) 221-4000","www.wm.edu/","4-year, Public","Bachelor's degreePostbaccalaureate certificateMaster's degreePost-master's certificateDoctor's degree - research/scholarshipDoctor's degree - professional practice","Suburb: Small","Yes","8,939 (6,236 undergraduate)","11 to 1",939,"6",37.271949,-76.709328
"95","Advanced Technology Institute","5700 Southern Blvd Ste 100 Virginia Beach Virginia 23462","(757) 490-1241","www.auto.edu/","2-year, Private for-profit","Less than one year certificateOne but less than two years certificateAssociate's degree","City: Large","No","461 (all undergraduate)","14 to 1",461,"all",36.8418654,-76.181906
"96","American National University","1813 East Main Street Salem Virginia 24153","(540) 986-1800","www.an.edu/locations/","4-year, primarily associate's, Private for-profit","Less than one year certificateOne but less than two years certificateAssociate's degreeBachelor's degreeMaster's degree","Suburb: Midsize","No","931 (810 undergraduate)","39 to 1",931,"810",37.2997396,-80.0234938
"97","Aviation Institute of Maintenance-Manassas","10640 Davidson Place Manassas Virginia 20109","(703) 257-5515","www.aviationmaintenance.edu/campuses/washington-dc-va/","2-year, Private for-profit","Less than one year certificateOne but less than two years certificateTwo but less than 4 years certificate","Suburb: Large","No","181 (all undergraduate)","11 to 1",181,"all",38.7945428,-77.5145557
"98","Aviation Institute of Maintenance-Norfolk","2329 E. Little Creek Road Norfolk Virginia 23518","(757) 363-2121","www.aviationmaintenance.edu/campuses/norfolk-va/","2-year, Private for-profit","One but less than two years certificateTwo but less than 4 years certificate","City: Midsize","No","230 (all undergraduate)","15 to 1",230,"all",36.914334,-76.2174283
"99","Blue Ridge Community College","1 College Lane Weyers Cave Virginia 24486-0080","(540) 234-9261","www.brcc.edu/","2-year, Public","Less than one year certificateOne but less than two years certificateAssociate's degree","Rural: Fringe","No","3,462 (all undergraduate)","18 to 1",462,"all",38.2781364,-78.9390334
"100","Bon Secours St Mary's Hospital School of Medical Imaging","8550 Magellan Pkwy Ste 700 Richmond Virginia 23227","(804) 627-5408","www.mysomi.org/","2-year, Private not-for-profit","Two but less than 4 years certificate","Suburb: Large","No","29 (all undergraduate)","5 to 1",29,"all",37.6468246,-77.4329945
"101","Bryant & Stratton College-Virginia Beach","301 Centre Pointe Dr Virginia Beach Virginia 23462","(757) 499-7900","www.bryantstratton.edu/","4-year, primarily associate's, Private for-profit","One but less than two years certificateAssociate's degreeBachelor's degree","City: Large","No","1,515 (all undergraduate)","18 to 1",515,"all",36.8278959,-76.1381446
"102","Centra College","905 Lakeside Dr. Suite A Lynchburg Virginia 24501","(434) 200-3070","www.centrahealth.com/ccon","4-year, primarily associate's, Private not-for-profit","One but less than two years certificateAssociate's degreeBachelor's degree","City: Small","No","314 (all undergraduate)","11 to 1",314,"all",37.404822,-79.1740764
"103","Central Virginia Community College","3506 Wards Rd Lynchburg Virginia 24502-2498","(434) 832-7600","www.centralvirginia.edu/","2-year, Public","Less than one year certificateOne but less than two years certificateAssociate's degreeTwo but less than 4 years certificate","City: Small","No","3,370 (all undergraduate)","19 to 1",370,"all",37.3593436,-79.183912
"104","Centura College-Chesapeake","932 B Ventures Way Chesapeake Virginia 23320","(757) 549-2121","www.centuracollege.edu/campuses/chesapeake/","4-year, primarily associate's, Private for-profit","Less than one year certificateOne but less than two years certificateAssociate's degreeBachelor's degree","Suburb: Large","No","164 (all undergraduate)","14 to 1",164,"all",36.7660867,-76.2277695
"105","Centura College-Newport News","616 Denbigh Blvd. Newport News Virginia 23608","(757) 874-2121","www.centuracollege.edu/campuses/newport-news/","2-year, Private for-profit","Less than one year certificateOne but less than two years certificateAssociate's degree","City: Midsize","No","195 (all undergraduate)","13 to 1",195,"all",37.1405107,-76.5173449
"106","Centura College-Norfolk","7020 North Military Highway Norfolk Virginia 23518-4833","(757) 853-2121","www.centuracollege.edu/campuses/norfolk/","2-year, Private for-profit","Less than one year certificateOne but less than two years certificateAssociate's degree","City: Midsize","No","213 (all undergraduate)","8 to 1",213,"all",36.9083505,-76.2327598
"107","Centura College-Richmond Main","7914 Midlothian Turnpike North Chesterfield Virginia 23235-5250","(804) 330-0111","www.centuracollege.edu/campuses/richmond/","2-year, Private for-profit","Less than one year certificateOne but less than two years certificateAssociate's degree","Suburb: Large","No","160 (all undergraduate)","11 to 1",160,"all",37.4993366,-77.5432227
"108","Centura College-Virginia Beach","2697 Dean Dr. Ste. 100 Virginia Beach Virginia 23452-7431","(757) 340-2121 x310","www.centuracollege.edu/campuses/virginia-beach/","4-year, primarily associate's, Private for-profit","Less than one year certificateOne but less than two years certificateAssociate's degreeBachelor's degree","City: Large","No","99 (all undergraduate)","8 to 1",99,"all",36.8375601,-76.064528
"109","Chester Career College","751 WEST HUNDRED ROAD CHESTER Virginia 23836","(804) 425-5797","chestercareercollege.edu/","2-year, Private for-profit","Less than one year certificateOne but less than two years certificateAssociate's degree","Suburb: Large","No","159 (all undergraduate)","20 to 1",159,"all",37.348819,-77.373918
"110","Columbia College","5940 Centreville Crest Lane Centreville Virginia 20121","(703) 266-0508","www.ccdc.edu/","2-year, Private for-profit","Less than one year certificateOne but less than two years certificateAssociate's degree","Suburb: Large","No","185 (all undergraduate)","15 to 1",185,"all",38.8380326,-77.4344968
"111","Columbia College","8620 Westwood Center Drive Vienna Virginia 22182","(703) 206-0508","www.ccdc.edu/","2-year, Private for-profit","Less than one year certificateOne but less than two years certificateAssociate's degree","Suburb: Large","No","371 (all undergraduate)","18 to 1",371,"all",38.9284029,-77.2490916
"112","Dabney S Lancaster Community College","1000 Dabney Drive Clifton Forge Virginia 24422-1000","(540) 863-2800","www.dslcc.edu/","2-year, Public","Less than one year certificateOne but less than two years certificateAssociate's degree","Rural: Fringe","No","1,075 (all undergraduate)","17 to 1",75,"all",37.8118233,-79.851929
"113","Danville Community College","1008 S Main St Danville Virginia 24541-4004","(434) 797-2222","www.danville.edu/","2-year, Public","Less than one year certificateOne but less than two years certificateAssociate's degreeTwo but less than 4 years certificate","Town: Distant","No","2,411 (all undergraduate)","20 to 1",411,"all",36.5644841,-79.4091964
"114","Eastern Shore Community College","29300 Lankford Hwy Melfa Virginia 23410","(757) 789-1789","www.es.vccs.edu/","2-year, Public","One but less than two years certificateAssociate's degree","Rural: Remote","No","677 (all undergraduate)","16 to 1",677,"all",37.6441571,-75.7463725
"115","Eastern Virginia Career College","10304 Spotsylvania Ave Suite 400 Fredericksburg Virginia 22408","(540) 373-4465 x221","www.evcc.edu/","2-year, Private for-profit","Less than one year certificateOne but less than two years certificateAssociate's degreeTwo but less than 4 years certificate","Suburb: Midsize","No","190 (all undergraduate)","7 to 1",190,"all",38.241156,-77.4955945
"116","ECPI University","5555 Greenwich Rd Virginia Beach Virginia 23462","(757) 490-9090","www.ecpi.edu/","4-year, primarily associate's, Private for-profit","Less than one year certificateOne but less than two years certificateAssociate's degreeBachelor's degreeMaster's degree","City: Large","No","14,353 (13,983 undergraduate)","16 to 1",353,"13",36.8425384,-76.178872
"117","Fortis College-Norfolk","6300 Center Dr Bldg 22 Norfolk Virginia 23502-4101","(757) 499-5447 x1344","www.fortisedu.info/cig-vabeach.php","2-year, Private for-profit","Less than one year certificateOne but less than two years certificateAssociate's degree","City: Midsize","No","454 (all undergraduate)","27 to 1",454,"all",36.8470197,-76.190283
"118","Fortis College-Richmond","2000 Westmoreland Street Suite A Richmond Virginia 23230","(804) 323-1020","www.fortis.edu/","2-year, Private for-profit","Less than one year certificateOne but less than two years certificateAssociate's degree","Suburb: Large","No","507 (all undergraduate)","25 to 1",507,"all",37.5804978,-77.4870506
"119","Germanna Community College","2130 Germanna Hwy Locust Grove Virginia 22508-2102","(540) 423-9030","www.germanna.edu/","2-year, Public","Less than one year certificateOne but less than two years certificateAssociate's degree","Rural: Fringe","No","7,679 (all undergraduate)","25 to 1",679,"all",38.3752082,-77.7798052
"120","J Sargeant Reynolds Community College","1651 East Parham Road Richmond Virginia 23228-2327","(804) 371-3000","www.reynolds.edu/","2-year, Public","Less than one year certificateOne but less than two years certificateAssociate's degree","Suburb: Large","No","7,759 (all undergraduate)","21 to 1",759,"all",37.6340816,-77.4758617
"121","John Tyler Community College","13101 Jefferson Davis Hwy Chester Virginia 23831-5316","(804) 796-4000","jtcc.edu/","2-year, Public","Less than one year certificateOne but less than two years certificateAssociate's degree","Suburb: Large","No","9,440 (all undergraduate)","22 to 1",440,"all",37.3466091,-77.4077974
"122","Life Pacific University-Virginia","900 Life Drive Christiansburg Virginia 24073","(540) 394-7200","www.lifepacific.edu/virginiacampus","2-year, Private not-for-profit","Associate's degree","City: Small","No","Life Pacific University (Parent):Life Pacific University-Virginia","",NA,NA,37.1161929,-80.4150376
"123","Lord Fairfax Community College","173 Skirmisher Lane Middletown Virginia 22645","(800) 906-5322","www.lfcc.edu/","2-year, Public","Less than one year certificateOne but less than two years certificateAssociate's degree","Rural: Fringe","No","6,337 (all undergraduate)","23 to 1",337,"all",39.0351031,-78.2668526
"124","Mountain Empire Community College","3441 Mountain Empire Road Big Stone Gap Virginia 24219","(276) 523-2400","www.mecc.edu/","2-year, Public","Less than one year certificateOne but less than two years certificateAssociate's degree","Town: Distant","No","2,253 (all undergraduate)","19 to 1",253,"all",36.8543213,-82.7599351
"125","New River Community College","5251 College Drive Dublin Virginia 24084-3660","(540) 674-3600","www.nr.edu/","2-year, Public","Less than one year certificateOne but less than two years certificateAssociate's degreeTwo but less than 4 years certificate","Town: Fringe","No","4,137 (all undergraduate)","30 to 1",137,"all",37.1052302,-80.695624
"126","Northern Virginia Community College","4001 Wakefield Chapel Rd Annandale Virginia 22003-3796","(703) 323-3000","www.nvcc.edu/","2-year, Public","Less than one year certificateOne but less than two years certificateAssociate's degree","Suburb: Large","No","52,873 (all undergraduate)","28 to 1",873,"all",38.8363305,-77.2380855
"127","Patrick Henry Community College","645 Patriot Avenue Martinsville Virginia 24112","(276) 656-0200","www.patrickhenry.edu/","2-year, Public","Less than one year certificateOne but less than two years certificateAssociate's degree","Rural: Fringe","No","2,050 (all undergraduate)","18 to 1",50,"all",36.7397709,-79.8748169
"128","Paul D Camp Community College","100 N College Dr Franklin Virginia 23851","(757) 569-6700","www.pdc.edu/","2-year, Public","Less than one year certificateOne but less than two years certificateAssociate's degree","Town: Distant","No","1,237 (all undergraduate)","16 to 1",237,"all",36.6744182,-76.9378049
"129","Piedmont Virginia Community College","501 College Drive Charlottesville Virginia 22902-7589","(434) 977-3900","www.pvcc.edu/","2-year, Public","Less than one year certificateOne but less than two years certificateAssociate's degree","Suburb: Small","No","4,864 (all undergraduate)","17 to 1",864,"all",38.0069995,-78.4844292
"130","Rappahannock Community College","12745 College Drive Glenns Virginia 23149-2616","(804) 758-6700","www.rappahannock.edu/","2-year, Public","Less than one year certificateOne but less than two years certificateAssociate's degree","Rural: Distant","No","2,629 (all undergraduate)","18 to 1",629,"all",37.5643561,-76.623862
"131","Richard Bland College","11301 Johnson Road South Prince George Virginia 23805-7100","(804) 862-6100","www.rbc.edu/","2-year, Public","Less than one year certificateAssociate's degree","Rural: Fringe","Yes","2,218 (all undergraduate)","27 to 1",218,"all",37.1566711,-77.3964344
"132","Riverside College of Health Careers","316 Main Street Newport News Virginia 23601","(757) 240-2200","riverside.edu/","4-year, primarily associate's, Private not-for-profit","One but less than two years certificateAssociate's degreeBachelor's degree","City: Midsize","No","303 (all undergraduate)","11 to 1",303,"all",37.0349489,-76.4562635
"133","Southside College of Health Sciences","430 Clairmont Court - Suite 200 Colonial Heights Virginia 23834","(804) 765-5800","www.srmconline.com/","2-year, Private for-profit","Associate's degree","Suburb: Large","No","115 (all undergraduate)","8 to 1View noteStudent to faculty ratio in clinical is 8:1 or less, and in class the ratio is no more than 32:1",115,"all",37.2677188,-77.4002174
"134","Southside Virginia Community College","109 Campus Drive Alberta Virginia 23821","(888) 220-7822","www.southside.edu/","2-year, Public","Less than one year certificateOne but less than two years certificateAssociate's degreeTwo but less than 4 years certificate","Rural: Distant","No","3,123 (all undergraduate)","21 to 1",123,"all",36.8392995,-77.9163459
"135","Southwest Virginia Community College","369 College Road       US Rt. 19 6 Miles S. Claypool Hill Cedar Bluff Virginia 24609","(276) 964-2555","sw.edu/","2-year, Public","One but less than two years certificateAssociate's degree","Rural: Fringe","No","2,295 (all undergraduate)","19 to 1",295,"all",37.0632891,-81.7497988
"136","Sovah School of Health Professions","109 Bridge St. Suite 200 Danville Virginia 24541","(434) 799-2271","www.sovahhealth.com/careers-education/school-of-health-professions","2-year, Private for-profit","Associate's degree","Town: Distant","No","13 (all undergraduate)","3 to 1",13,"all",36.5884912,-79.3886434
"137","Standard Healthcare Services-College of Nursing","7704 Leesburg Pike Suite 1000 Falls Church Virginia 22043","(703) 891-1787","www.standardcollege.edu/","2-year, Private for-profit","One but less than two years certificateAssociate's degree","Suburb: Large","No","441 (all undergraduate)","35 to 1",441,"all",38.9079727,-77.2105854
"138","Thomas Nelson Community College","99 Thomas Nelson Drive Hampton Virginia 23666","(757) 825-2700","tncc.edu/","2-year, Public","Less than one year certificateOne but less than two years certificateAssociate's degree","City: Midsize","No","6,256 (all undergraduate)","18 to 1",256,"all",37.0634225,-76.4186005
"139","Tidewater Community College","121 College Place Norfolk Virginia 23510","(757) 822-1122","www.tcc.edu/","2-year, Public","Less than one year certificateOne but less than two years certificateAssociate's degree","City: Midsize","No","16,769 (all undergraduate)","20 to 1",769,"all",36.850098,-76.2913302
"140","Virginia Highlands Community College","100 VHCC Drive Abingdon Virginia 24212-0828","(276) 739-2400","www.vhcc.edu/","2-year, Public","Less than one year certificateOne but less than two years certificateAssociate's degreeTwo but less than 4 years certificate","Suburb: Small","No","2,086 (all undergraduate)","19 to 1",86,"all",36.6994053,-82.001486
"141","Virginia University of Lynchburg","2058 Garfield Ave Lynchburg Virginia 24501","(434) 528-5276 x1145","www.vul.edu/","4-year, primarily associate's, Private not-for-profit","One but less than two years certificateAssociate's degreeBachelor's degreeMaster's degreeDoctor's degree","City: Small","Yes","244 (122 undergraduate)","14 to 1",244,"122",37.3951947,-79.1515461
"142","Virginia Western Community College","3094 Colonial Ave Roanoke Virginia 24015","(540) 857-8922","virginiawestern.edu/","2-year, Public","Less than one year certificateOne but less than two years certificateAssociate's degree","City: Small","No","5,738 (all undergraduate)","22 to 1",738,"all",37.246308,-79.9737355
"143","Wave Leadership College","1000 North Great Neck Road Virginia Beach Virginia 23454-2140","(757) 401-6426","wavecollege.edu/","2-year, Private not-for-profit","Associate's degree","City: Large","No","41 (all undergraduate)","8 to 1",41,"all",36.8645978,-76.0433612
"144","Wytheville Community College","1000 E Main Street Wytheville Virginia 24382-3308","(276) 223-4700","www.wcc.vccs.edu/","2-year, Public","Less than one year certificateOne but less than two years certificateAssociate's degreeTwo but less than 4 years certificate","Town: Distant","No","2,244 (all undergraduate)","24 to 1",244,"all",36.9525203,-81.0729252
"145","American Massage & Bodywork Institute","1593 Spring Hill Road Suite 210 Vienna Virginia 22182-2245","(571) 620-7170","www.ambimassageschool.com/","< 2-year, Private for-profit","Less than one year certificate","Suburb: Large","No","99 (all undergraduate)","10 to 1",99,"all",38.9261106,-77.2447101
"146","Another Level Barbering and Cosmetology School","102 North Sycamore Street Petersburg Virginia 23803-3245","(804) 733-3337","www.albcschool.edu/","< 2-year, Private for-profit","One but less than two years certificate","Suburb: Large","No","7 (all undergraduate)","2 to 1",7,"all",37.2285345,-77.4042775
"147","Asher Institute of Hampton","4107 West Mercury Blvd Hampton Virginia 23666","(757) 723-4809","www.aiofhampton.edu/","< 2-year, Private for-profit","Less than one year certificateOne but less than two years certificate","City: Midsize","No","8 (all undergraduate)","17 to 1",8,"all",37.0267085,-76.4260284
"148","Avi Career Training","10130-a Colvin Run Rd Great Falls Virginia 22066","(703) 759-2200","www.avicareertraining.com/","< 2-year, Private for-profit","Less than one year certificateOne but less than two years certificate","Suburb: Large","No","36 (all undergraduate)","7 to 1",36,"all",38.974284,-77.2967819
"149","Bristol School of Hair Design","805 Commonwealth Avenue Bristol Virginia 24201-3323","(276) 669-2112","www.bristolschoolofhairdesign.com/","< 2-year, Private for-profit","Less than one year certificateOne but less than two years certificate","Suburb: Small","No","37 (all undergraduate)","15 to 1",37,"all",36.6052212,-82.192414
"150","Cayce/Reilly School of Massage","215 67th Street Virginia Beach Virginia 23451","(757) 457-7270","www.edgarcayce.org/massageschool/home.aspx","< 2-year, Private not-for-profit","Less than one year certificate","City: Large","No","42 (all undergraduate)","12 to 1",42,"all",36.8924656,-75.9908834
"151","Central School of Practical Nursing","1330 N Millitary Hwy Norfolk Virginia 23502","(757) 892-3300","www.npsk12.com/domain/980","< 2-year, Public","One but less than two years certificate","City: Midsize","No","28 (all undergraduate)","7 to 1",28,"all",36.8691966,-76.209435
"152","CET-Alexandria","6295 Edsall Rd Plaza 500 Ste. 220 Alexandria Virginia 22312","(408) 287-7924","cetweb.edu/","< 2-year, Private not-for-profit","Less than one year certificateOne but less than two years certificate","Suburb: Large","No","101 (all undergraduate)","20 to 1",101,"all",38.8024076,-77.142377
"153","Culpeper Cosmetology Training Center","311 South East Street #120 Culpeper Virginia 22701-1055","(540) 727-8003","www.culpepercosmetology.com/","< 2-year, Public","One but less than two years certificate","Town: Distant","No","26 (all undergraduate)","13 to 1",26,"all",38.4712006,-77.9950593
"154","Dermal Science International Aesthetics and Nail Academy","11301 Sunset Hills Rd Suite A-5 Reston Virginia 20190","(703) 910-2323","dsiacademy.edu/","< 2-year, Private for-profit","Less than one year certificate","City: Small","No","56 (all undergraduate)","12 to 1",56,"all",38.9496995,-77.3367049
"155","Empire Beauty School-Midlothian","10807 Hull Street Rd Midlothian Virginia 23112","(800) 920-4593","www.empire.edu/","< 2-year, Private for-profit","One but less than two years certificate","Suburb: Large","No","75 (all undergraduate)","18 to 1",75,"all",37.4383981,-77.5936729
"156","Empire Beauty School-Newport News","12365 Hornsby Lane Newport News Virginia 23602-6958","(800) 920-4593","www.empire.edu/","< 2-year, Private for-profit","One but less than two years certificate","City: Midsize","No","59 (all undergraduate)","28 to 1",59,"all",37.1144267,-76.5044263
"157","Empire Beauty School-Richmond","9049 West Broad St. #3 Richmond Virginia 23294","(800) 920-4593","www.empire.edu/","< 2-year, Private for-profit","One but less than two years certificate","Suburb: Large","No","75 (all undergraduate)","25 to 1",75,"all",37.6340785,-77.5507114
"158","Empire Beauty School-Virginia Beach","116 South Independence Boulevard Virginia Beach Virginia 23462-6779","(800) 920-4593","www.empire.edu/","< 2-year, Private for-profit","One but less than two years certificate","City: Large","No","125 (all undergraduate)","21 to 1",125,"all",36.8385269,-76.1355286
"159","Henrico County-Saint Marys Hospital School of Practical Nursing","7850 Carousel Lane Henrico Virginia 23294","(804) 527-4660 x82007","blogs.henrico.k12.va.us/adulteducation/licensed-practical-nursing/","< 2-year, Public","One but less than two years certificate","Suburb: Large","No","104 (all undergraduate)","10 to 1",104,"all",37.6289618,-77.5331453
"160","Institute of Advanced Medical Esthetics","405 england st Ashland Virginia 23005-2111","(804) 908-3223","www.theinstituteofadvancedmedicalesthetics.com/","< 2-year, Private for-profit","Less than one year certificate","Suburb: Large","No","3 (all undergraduate)","9 to 1",3,"all",37.7578235,-77.4744284
"161","Kenny's Beauty Academy","3461 Washington Boulevard Arlington Virginia 22201-4531","(571) 522-4556","www.kennysbeautyacademy.com/","< 2-year, Private for-profit","Less than one year certificateOne but less than two years certificate","City: Midsize","No","8 (all undergraduate)","3 to 1",8,"all",38.8864449,-77.1030521
"162","Luckes Beauty Academy LLC","888 J. Clyde Morris Boulevard Newport  News Virginia 23601-1303","(757) 599-0534","www.luckesbeautyacademy.com/","< 2-year, Private for-profit","One but less than two years certificate","City: Midsize","No","39 (all undergraduate)","11 to 1",39,"all",37.0836891,-76.4573182
"163","Northern Virginia School of Therapeutic Massage","6402 Arlington Blvd Suite 840 Falls Church Virginia 22042-4302","(703) 533-3113","www.nvschoolofmassage.com/","< 2-year, Private for-profit","Less than one year certificate","Suburb: Large","No","152 (all undergraduate)","13 to 1",152,"all",38.873425,-77.1600716
"164","Paul Mitchell the School-Roanoke","658 Brandon Ave SW Ste 210 Roanoke Virginia 24015","(540) 343-0153","roanoke.paulmitchell.edu/","< 2-year, Private for-profit","One but less than two years certificate","City: Small","No","132 (all undergraduate)","10 to 1",132,"all",37.2553112,-79.9576808
"165","Paul Mitchell the School-Tysons Corner","8041-L Tysons Corner Ctr McLean Virginia 22102","(703) 288-0008","paulmitchell.edu/tysonscorner","< 2-year, Private for-profit","One but less than two years certificate","Suburb: Large","No","197 (all undergraduate)","15 to 1",197,"all",38.9168662,-77.2225269
"166","Paul Mitchell the School-Woodbridge","14445 Potomac Mills Road Woodbridge Virginia 22192","(703) 498-2021","paulmitchell.edu/woodbridge","< 2-year, Private for-profit","One but less than two years certificate","Suburb: Large","No","143 (all undergraduate)","15 to 1",143,"all",38.6353403,-77.2932655
"167","Rudy & Kelly Academy, A Paul Mitchell Partner School","1920 Centerville Turnpike Suite 114 Virginia Beach Virginia 23464","(757) 473-9797","paulmitchell.edu/virginiabeach","< 2-year, Private for-profit","One but less than two years certificate","City: Large","No","199 (all undergraduate)","15 to 1",199,"all",36.7792797,-76.1894995
"168","Staunton School of Cosmetology","128 E Beverly Street Staunton Virginia 24401-4323","(540) 885-0808","hairstylingschool.com/","< 2-year, Private for-profit","One but less than two years certificate","City: Small","No","30 (all undergraduate)","12 to 1",30,"all",38.1495202,-79.070883
"169","Suffolk Beauty Academy","860 Portsmouth Blvd Suffolk Virginia 23434-3020","(757) 934-0656","suffolkbeautyacademy.edu/","< 2-year, Private for-profit","One but less than two years certificate","Suburb: Large","No","12 (all undergraduate)","6 to 1",12,"all",36.7394841,-76.5640406
"170","Sylvain Melloul International Hair Academy","3405 Candlers Mountain Rd. #G360 Lynchburg Virginia 24502-2652","(434) 385-7722","smiha.edu/","< 2-year, Private for-profit","Less than one year certificateOne but less than two years certificate","City: Small","No","138 (all undergraduate)","10 to 1",138,"all",37.3651374,-79.1784848
"171","The Chrysm Institute of Esthetics","281 Independence Blvd Suite 101 Virginia Beach Virginia 23462-2980","(757) 456-5386","www.chrysm.org/","< 2-year, Private for-profit","Less than one year certificate","City: Large","No","165 (all undergraduate)","20 to 1",165,"all",36.8451753,-76.1373405
"172","The Esthetic Institute","8381 Old Courthouse Road STE 320 Vienna Virginia 22182-3818","(703) 288-4228 x107","estheticinstitute.com/","< 2-year, Private for-profit","Less than one year certificate","Suburb: Large","No","126 (all undergraduate)","16 to 1",126,"all",38.9143548,-77.2342602
"173","Tidewater Tech-Trades","4535 E. Princess Anne Rd. Norfolk Virginia 23502","(757) 858-8324","www.tidewatertechtrades.edu/","< 2-year, Private for-profit","Less than one year certificateOne but less than two years certificate","City: Midsize","No","436 (all undergraduate)","12 to 1",436,"all",36.8661783,-76.2342426
"174","Tomorrow's Image Barber And Beauty Academy of Virginia","490 Suite F Denbigh Boulevard Newport News Virginia 23608-5532","(757) 874-1300","www.tomorrowsimage.com/","< 2-year, Private for-profit","One but less than two years certificate","City: Midsize","No","8 (all undergraduate)","7 to 1",8,"all",37.1456729,-76.5136476
"175","Virginia Beach City Public Schools School of Practical Nursing","2925 N Landing Rd Virginia Beach Virginia 23456-2499","(757) 648-6050 x0","techcenter.vbschools.com/our_school/programs/licensed_practical_nursing","< 2-year, Public","One but less than two years certificate","City: Large","No","52 (all undergraduate)","7 to 1",52,"all",36.742639,-76.0744531
